{"cameraMode":{"drawMode":0,"name":"Shaded","section":"Shading Mode"},"sceneLighting":true,"audioPlay":false,"sceneViewState":{"showFog":false,"showMaterialUpdate":false,"showSkybox":false,"showFlares":false,"showImageEffects":false,"showParticleSystems":false},"in2DMode":false,"pivot":{"x":-0.20029637217521668,"y":-68.42973327636719,"z":86.64265441894531},"rotation":{"x":0.3621092736721039,"y":0.004763704724609852,"z":-0.001842159777879715,"w":0.9322152137756348},"size":132.0449981689453,"orthographic":false}