{"cameraMode":{"drawMode":0,"name":"Shaded","section":"Shading Mode"},"sceneLighting":false,"audioPlay":false,"sceneViewState":{"showFog":false,"showMaterialUpdate":false,"showSkybox":false,"showFlares":false,"showImageEffects":false,"showParticleSystems":false},"in2DMode":false,"pivot":{"x":0.0,"y":7.384796142578125,"z":5.666729927062988},"rotation":{"x":-0.2216416448354721,"y":-0.007014648988842964,"z":0.0015956058632582427,"w":-0.975119411945343},"size":2.6098525524139406,"orthographic":false}