{"cameraMode":{"drawMode":0,"name":"Shaded","section":"Shading Mode"},"sceneLighting":false,"audioPlay":false,"sceneViewState":{"showFog":false,"showMaterialUpdate":false,"showSkybox":false,"showFlares":false,"showImageEffects":false,"showParticleSystems":false},"in2DMode":false,"pivot":{"x":7.925928115844727,"y":9.195355415344239,"z":11.12652587890625},"rotation":{"x":0.10302179306745529,"y":0.5891028642654419,"z":-0.07604388147592545,"w":0.7978698015213013},"size":29.69816780090332,"orthographic":false}